"","DMA","GT.MVT","GT.Burglary","GT.Larceny","GT.Rape","UCR.Rape","UCR.Burglary","UCR.Larceny","UCR.MVT","DMA.INDEX","Percentage.of.Foreign.Born","Percentage.of.MoveIn","Percentage.of.Renter","Mobility.Index","Concentrated.Disadvantage.Index","Percentage.of.Unemployed","Percentage.of.Female.Headed.Family","Percentage.of.Poverty","Heterogeneity.Index","Percentage.of.Young.Males","Percentage.of.Dropped.Out","Percentage.of.Divorced","Population.logged","Less.than.High.School","Percentage.of.White","Percentage.of.Black","Percentage.of.Hispanic","Population","Drug.Mortality.Rate","Law.Enforce.per.Thousand","Internet.Usage.HH","Median.Vehicle.HH"
"1","Albany-Schenectady-Troy NY",42.6513507057321,73.0915533322912,39.7449339651175,59.3771114864865,46.6308143322255,30.2262123982261,48.7292162872634,10.0927454814199,770,0.0635989121850265,0.12441703609332,0.28033646169012,-1.47850249917513,-2.43237094754958,0.03316408884687,0.0701376836124798,0.0476868544121624,0.286045589054205,0.0573372745248376,0.0449359539490743,0.0889160474326529,14.1431842002291,0.0636976341321404,0.841367882652032,0.0548951673805392,0.046939043160947,1387736,116.752035206184,5.81955069263895,0.813265953387223,2.01111111111111
"2","Albuquerque-Santa Fe NM",78.3471640891954,56.4639674847585,72.5385623550761,59.3169341216216,91.1212484659741,75.85860261117,74.4467438025877,65.8677107857801,1470,0.0837150635051231,0.132308847646867,0.292104371221318,-0.963947230874569,1.86386695059588,0.036681594045246,0.0910812990998929,0.0925222366245027,0.640140296934372,0.0617152575584152,0.0731308102068519,0.106715637513709,14.4581743792086,0.0957240173028223,0.405511429028953,0.016571572665201,0.42458623657305,1901539.5,242.123802604095,5.28545423326731,0.808536524778584,2.18222222222222
"3","Atlanta GA",71.3739704828474,63.8841123443281,57.8344591188628,62.7913851351351,30.5207776835935,56.7300984056446,65.7020233781361,46.4403189752231,477,0.126784885237671,0.152849985044603,0.338338500897249,0.665001736494313,1.28689409428957,0.0398113723439983,0.0956033408073012,0.073890222209143,0.625533774448708,0.0650329071007749,0.0480696036210405,0.0870937235265947,15.7171073569472,0.0804902025347569,0.520962195771901,0.298576108786292,0.10733779143052,6696579,128.979677003819,4.05438358899372,0.831741958248522,2.23165618448637
"4","Austin TX",54.3450037909081,66.2362565786046,56.5329166246597,47.6467483108108,58.3331538793986,41.3429796579254,71.2037439586637,25.2352675194833,648,0.14400437520285,0.189659720576784,0.363027840101598,2.50447453347422,-2.39024453176592,0.0295768988535819,0.069972485478447,0.0531245876844358,0.598337772510235,0.0583049480585979,0.0398732294963358,0.087340599272778,14.568280917888,0.0733960533672999,0.544890344358801,0.0671992625088736,0.312524112370358,2122873,108.42579925716,3.87564399754484,0.838420998182086,2.23425925925926
"5","Bakersfield CA",100,82.1447553540722,100,80.15625,39.7801821824034,87.4055363545819,60.3801378967972,100,130,0.201754240215977,0.16079733191396,0.418248613045593,2.44649317078524,8.72573742625744,0.0495596638193255,0.116988214439253,0.136311382734333,0.59870277168831,0.0736468063236985,0.042515550453104,0.0724441966779556,13.6793305179108,0.158295858015287,0.356740200221042,0.0523235461113998,0.518940672212383,872685.5,213.783369622975,7.31936075481946,0.827710617563574,2.17777777777778
"6","Baltimore MD",61.5404588556651,63.5631285498411,52.1675572134288,54.9113175675676,39.3586818193895,47.7522910946653,64.3406538704299,41.6538230571855,264,0.0955526668076406,0.127978291143666,0.298623145610587,-1.0054390193452,-1.15525404097747,0.035275880574331,0.0875841564255035,0.0465626665852997,0.5676154079543,0.0585623527251068,0.0380857590392899,0.0827214588944558,14.9032143985982,0.068742465127917,0.593239655900137,0.274073637235979,0.0536906656467121,2967452.5,310.509339800609,6.38190501785623,0.827366913373092,2.17878787878788
"7","Baton Rouge LA",53.4144137594383,68.2184357250795,54.8210505091239,58.2252956081081,34.2088568862313,70.3627581003793,83.4287066753634,24.358243420552,1235,0.0370600346594088,0.134114528159412,0.286945680340292,-0.991949100251531,1.86354067835367,0.0356573607783699,0.106160354600658,0.0812631460113368,0.548613901873661,0.0607783699212829,0.0538753971856559,0.092340161997425,13.7325473397485,0.0906913954486438,0.569377488768287,0.354085518560168,0.0383622071198466,920385,170.638221295798,6.45436420628324,0.819635737170807,2.07008547008547
"8","Birmingham AL",59.5546461992252,82.0853525089886,53.5447121685654,71.9394003378378,47.7111867585544,67.2778101263611,65.133114901009,33.6411192203174,800,0.0338765784565411,0.143328012576367,0.279930187983841,-0.776458082999584,1.95390865013523,0.037578964347031,0.0939206789637894,0.0859877400034249,0.477137138002165,0.060118796284806,0.04552779416796,0.100858061743988,14.447646057435,0.0977301794274043,0.674048674429994,0.258571781989446,0.0390728862214539,1881624.5,183.431564095871,4.18229035601949,0.812799398719521,2.19
"9","Boise ID",36.8071206755087,61.5684435412433,42.1373122290553,50.3737331081081,60.6811899340163,28.6432518410009,42.5952173090135,15.7042866034817,1612,0.0669691700407428,0.170858771117062,0.293319963953444,0.505103059870546,-2.18240110531222,0.0319189714039118,0.065562075950158,0.0650847622370218,0.33887732990064,0.0677129475674921,0.041936273652548,0.0979355731275464,13.5770883806109,0.063663421630472,0.800549583053042,0.00879079035881554,0.140704684783023,787870,130.17610324687,4.65051340957265,0.822478146505382,2.31623931623932
"10","Boston MA-Manchester NH",42.9328126460538,35.1456411859726,42.1060590785361,49.9324324324324,38.2674060353318,27.3395082255337,41.0539869356757,17.2430657201074,96,0.155928141825361,0.130047378747248,0.311206294604991,-0.694234022797964,-2.67329637565837,0.0343760594737299,0.068433910240613,0.0424445552619625,0.415357704868044,0.0572593151072233,0.0253350424709565,0.0794858500207458,15.6928763063831,0.0600079800938273,0.753602440170715,0.0610549849271694,0.0949209670845608,6536264,213.014061850436,4.12139105764394,0.825041310204191,2.075
"11","Buffalo NY",41.7976174402542,63.0670626856339,46.0106865611453,65.4856418918919,42.0361228090505,39.2181594318939,53.0268503196837,17.0910236143293,440,0.0507104709469394,0.117076420148133,0.275101782142362,-1.85110606661016,-1.32719830682587,0.0324137339169126,0.0799328962157542,0.064397275087492,0.32223271726509,0.0591991534894512,0.0416789217806536,0.0895591688176799,14.2795775376259,0.0668387477252072,0.816624275123473,0.0915097770899565,0.0446093580785518,1590529.5,168.98832186011,6.91153480649054,0.804131430901158,1.98111111111111
"12","Cedar Rapids-Waterloo-Iowa City & Dubuque IA",39.2738074218709,83.4953884633422,42.5143663675774,62.6097972972973,44.3594496503684,35.7643786410916,40.6722115105789,14.9372125766534,1848,0.0436618617914762,0.153647184878874,0.243328143398459,-1.0686631627572,-5.05908411363661,0.0234306027579202,0.0590430354058602,0.0438477085025631,0.216881548165484,0.0585525104217241,0.0324651382651855,0.0800767887138449,13.7056566286941,0.0465118615124475,0.883121550506995,0.040796794517643,0.0335001925298421,895965,97.3927556406283,2.84720943340421,0.815865968099059,2.31587301587302
"13","Champaign & Springfield-Decatur IL",40.1825867494781,66.4342660622167,44.2978122794637,71.2162162162162,76.0765785418321,53.6901679934184,53.89065602998,17.2617781840317,1640,0.0432748611324405,0.165603678201267,0.284689727509306,0.14772520195428,-1.41395157488866,0.0350357864077467,0.0763588348953164,0.0635032906837317,0.313074357896746,0.0576568077751207,0.0469437105754585,0.0979166470784271,13.7717749479859,0.060031947112798,0.822619872190655,0.0907651114126829,0.0330372636221841,957207,146.664228942584,4.51469744788745,0.809780379844284,2.15722222222222
"14","Charleston-Huntington WV",46.2584256826231,60.1261007764056,55.8534126424035,91.9108952702703,40.7260401374309,42.1014078120364,43.530149957915,20.9569698266882,2074,0.0113268641634458,0.123751308280321,0.256269377843675,-1.95021429303868,1.86308350170459,0.0339448701245643,0.0743409417629355,0.104701575120745,0.114608769318335,0.0575906126549971,0.0405864318842858,0.112624407244824,14.0124945111909,0.116736995929703,0.94060191775726,0.0227576106089678,0.00975631187514089,1217724.5,397.766155576788,3.96805681416445,0.798970726839708,2.07941176470588
"15","Charleston SC",56.5759272145654,63.6454588088166,49.3940921463857,58.5831925675676,49.4440603176495,51.8118119623592,71.8162150286586,42.0686675955628,630,0.0477396840987615,0.156148730204295,0.311990228527489,0.299703258887764,0.317411104097389,0.0359126977264841,0.0909248094642248,0.0723406514238046,0.527392429118632,0.0554677475695249,0.0427714295739231,0.0886205461464591,13.6732820260568,0.0762903450796209,0.623401154915191,0.284914626427937,0.0506909547014548,867423,154.839584530654,4.88458341547319,0.818131059612292,2.09444444444444
"16","Charlotte NC",60.4779659960741,44.4447918295034,51.3206976509729,59.6875,30.4180194753146,58.0669884939895,65.4724198675262,26.6043460930101,616,0.0840928079639326,0.147090327491579,0.311829925528668,-0.0431654915843342,1.46847697270187,0.0420265563924005,0.0867959119280927,0.0729609033154396,0.518228974166097,0.0625451532662622,0.044513292143077,0.0847414271909437,14.9625945473993,0.0901764911176479,0.658659090497705,0.198088788271313,0.0882480993154328,3148997,166.862738888499,4.02699653254671,0.823849969657921,2.22121212121212
"17","Chattanooga TN",55.7305027886543,67.1908707206503,52.8833551769332,74.4130067567567,39.1121866440595,57.6092910370585,71.7547691449819,42.3292026201388,1530,0.0525697967975732,0.133583486900286,0.293947403524547,-0.881909399709919,1.70474290334518,0.036900039029885,0.0756900112352159,0.0827291126243323,0.343428050783574,0.0597868671847596,0.0464290538584744,0.106574312407057,13.8274835942441,0.121986176504009,0.801833416498278,0.088210998522793,0.0755687741157755,1012045,195.434398956019,3.87729794623757,0.80777979074515,2.23148148148148
"18","Chicago IL",60.1913110310231,57.8166849043823,53.4943038612763,56.8697212837838,38.4780055929463,34.4002817643981,54.5679008585874,32.4701323768587,48,0.174121851400323,0.12415099412279,0.313796601879,-0.867399496639354,0.746067380473428,0.0436815880918734,0.0806973070541153,0.0632349801708548,0.630840464207962,0.0634716716309003,0.035375044082246,0.072987460208379,16.0853896946184,0.0818951314553248,0.541050993719823,0.164330495934639,0.213663323390401,9678231,144.70159552536,4.38747535577524,0.824824122523533,2.18958333333333
"19","Cincinnati OH",53.1786504367334,62.1781043197332,46.2677689283194,60.4560810810811,49.0505845832761,49.9240759410754,62.3156247687526,20.9206557872013,768,0.0422835376644051,0.145484513827745,0.290610443092333,-0.497294541057852,-0.947266115749977,0.0337887053699362,0.0833116884182115,0.0634922370853677,0.322865450889416,0.063274395981989,0.0350342130987292,0.092397477750495,14.6744562468196,0.0685345540599588,0.814483427483844,0.111650694156597,0.0285414673500601,2360670.5,345.518731237869,3.37488861745,0.821099455221897,2.23333333333333
"20","Cleveland-Akron (Canton) OH",49.4137075080751,58.6670835287374,45.0287327351548,61.7293074324324,47.4723498187428,48.8275757786436,45.4938570713982,27.0670246040897,255,0.0449084212335871,0.130113145614236,0.291658763612195,-1.05460663762451,0.0528643418058622,0.0390636879074645,0.083334994979684,0.0665833485025565,0.37440956397291,0.0618464304580846,0.0543639744586232,0.0985128149661122,15.1577574156987,0.073055443650046,0.77710251293619,0.140764634236189,0.0394153411742084,3827634,233.930829804986,3.64376531298447,0.807890747045836,2.11960784313725
"21","Colorado Springs-Pueblo CO",80.1449892504388,59.6175290500756,63.0345800988003,62.5443412162162,98.3551390753169,55.3223941121893,70.4306706970592,53.609245566283,1034,0.0604809986729496,0.201829003632255,0.323797191803439,2.23289807310552,-1.43804279191195,0.0371117235249284,0.0758790938124415,0.0634848811915713,0.49778730611853,0.0620380504196096,0.0453771979580261,0.0999109069424052,13.7778481500225,0.0519283766580343,0.673074167374496,0.0473081020686619,0.215597930715091,963038,206.371551855229,6.88602111235486,0.819493933464792,2.21212121212121
"22","Columbia SC",59.3271917160869,89.1761763326559,54.2937796148805,64.4277871621622,57.66896186682,71.7361013554584,81.8149844345938,55.8541242914942,924,0.0442003555197185,0.156761288667351,0.301913667350828,0.135647283732538,2.80007633676061,0.0424612410203782,0.108621406132065,0.0834517609059376,0.570657726345132,0.0589727495968333,0.0386854250409409,0.0834651260812198,13.9029351828885,0.0850131945462542,0.534206861164052,0.375862685090163,0.0490827957777452,1091360,132.312779592842,5.8720312270928,0.816006780699062,2.12626262626263
"23","Columbus OH",54.8487271896389,58.5201396487937,53.9187418086501,63.6211993243243,71.0022923390267,63.7135823581811,69.6304566298229,31.4813313167405,680,0.0647790433222062,0.163780056964873,0.333301697569615,0.981631607600413,-0.864945137758018,0.0326706563259399,0.0864961513045606,0.0674869239443933,0.380324464422223,0.0608788251174298,0.0380867201746948,0.0959344627232653,14.7071898989495,0.0666175389903955,0.775423111257788,0.1270677439225,0.0350722412572039,2439222.5,214.136984380838,4.23413608229672,0.823865714340476,2.23055555555556
"24","Dallas-Ft. Worth TX",62.6538433576021,65.4817362305247,58.8920254057869,61.3904138513514,52.6191890664984,52.2782080094957,61.2929865432715,42.7184544118254,224,0.171063542585761,0.158722748216148,0.351262941209472,1.1252648880842,0.39383446114977,0.0309990083424515,0.0915630414892536,0.070854718996151,0.652497460408086,0.0671187254578488,0.046734843296096,0.0853653289686278,15.849796902221,0.0983223293738957,0.498434834053962,0.145235198598942,0.273140779409093,7646793,101.935045712947,3.91458223074693,0.835265621844156,2.21388888888889
"25","Davenport IA-Rock Island-Moline IL",57.6539991483439,71.5960606534313,47.5864502470007,59.4731841216216,58.5006731833844,43.4683294027073,54.3704120517918,18.5476049902028,1564,0.0412488007362011,0.117651857798315,0.247021583485077,-2.35073757313603,-2.03550619678878,0.0295113530306294,0.0756817282570215,0.0601849552829835,0.293033906666643,0.0614904156795176,0.0408017635740408,0.0989811968489548,13.5490614619205,0.0683799006650611,0.835461659454767,0.0508416058060684,0.0785685848360843,766095,121.993128643605,3.85722397352809,0.806946712400884,2.20915032679739
"26","Dayton OH",57.2645222936552,60.2157261216195,47.0017138824478,65.3304476351351,54.7207580530303,58.3649856906195,59.8406685125046,24.4573324514221,638,0.0320227297082673,0.160456337048475,0.311493646916216,0.452117578454173,0.0865222792168442,0.0374998577037986,0.0864321034356318,0.071176818313308,0.313100648662847,0.0616780431661906,0.0365373480023162,0.103296051074327,14.0574770411435,0.0709867662569975,0.820908552413874,0.110374354809396,0.0239563996588032,1273751.5,348.531220791933,3.28714038805842,0.809067274046315,2.18383838383838
"27","Denver CO",68.2353063365288,45.8079308008963,54.4369392075814,49.7202280405405,73.0620327841281,34.4776907371345,59.5656109293745,45.5319709857298,1062,0.10771483872976,0.181584008662831,0.325615484055967,1.50700787322001,-3.29586408286805,0.0307477917279584,0.0626380137956378,0.0454447600309292,0.479514525151256,0.0578423664696369,0.0435616331779604,0.0942921196440354,15.2602261740933,0.0613578685888895,0.687411304787054,0.0386329111177872,0.21312849504533,4240646,161.435684180665,4.08404757199729,0.831279179354434,2.29284369114878
"28","Des Moines-Ames IA",44.5042219291048,80.27617112188,42.5264643613268,63.3108108108108,42.709236247028,40.5029886804107,45.607575919045,23.7286073618276,2520,0.0613090935092953,0.166447644369412,0.259020826448011,-0.297072071983218,-4.13892607061331,0.0255009099526232,0.0662606262966734,0.0466304810255053,0.260522068393867,0.0605303798605292,0.0307790360565526,0.0876597867214063,13.9524537487806,0.051632290194225,0.856660443352288,0.0331925602761861,0.0602984226034499,1146763,113.362282283068,3.21382883821679,0.820224485508318,2.29238095238095
"29","Detroit MI",64.7455937185173,31.3709551352196,49.369896158887,65.4244087837838,65.8121807148988,45.541907036702,46.0418850771955,54.906656872868,90,0.0934744674807474,0.133961033953755,0.277590945775113,-1.17135071583281,1.07971186267335,0.0460446140752053,0.0830557605380264,0.071733956468319,0.48871458345199,0.0636938294717363,0.0431832014026814,0.0910545454844956,15.3958412351851,0.0699251929580218,0.681880688631247,0.206747098744657,0.042539150384485,4856561.5,219.769911341205,3.23006308063843,0.815903348245518,2.12098765432099
"30","El Paso TX",57.6415358889939,67.7953207232557,59.001915515677,60.0158361486486,54.8819321189347,27.7281491474832,54.8403886327687,23.0078411162139,404,0.234357636682843,0.149927685316193,0.348325007269541,0.740719030995564,6.64718222790842,0.0354306257326056,0.124564586410256,0.141290334881634,0.350264243900603,0.07155941297324,0.0402298850574713,0.0808958359210997,13.8648876926899,0.13868523861942,0.159106105795978,0.0266395968462327,0.789672539884915,1050616.5,109.746194937925,8.0942951114893,0.807201175624748,2.04444444444444
"31","Eugene OR",56.2820020148936,68.2309415872023,58.2226030849884,56.3819679054054,49.8849878724331,44.0116644942943,71.9559144017013,34.7616403700874,484,0.0556784752367818,0.20397089781942,0.368615867403811,3.14518927131652,-0.900942223719739,0.04251854546795,0.063811774319326,0.0657151668365774,0.290245354877815,0.0521516909892706,0.0387197348463569,0.113644031192127,13.3438086875229,0.0604377507755159,0.838637399940219,0.00801279611244359,0.0744479232361471,623939.5,150.040401265935,2.19893114636916,0.800813501715384,2.16944444444444
"32","Flint-Saginaw-Bay City MI",45.3631482193118,26.5405658902611,50.179453573949,87.5411739864865,97.9769594389317,49.766079040363,40.311105601298,16.7899311313779,832,0.0217140335530768,0.139787837118254,0.244554118300091,-1.56594297681564,1.72555478531656,0.0466299684413794,0.0851790628859114,0.0838396203440094,0.328687261399782,0.0617973038357666,0.0459784217346962,0.101866675469145,13.9563076165956,0.0702854695702103,0.810844160525925,0.109441873676914,0.0417723905068751,1151191,193.459665595795,3.39213909768231,0.803433160225391,2.1034188034188
"33","Florence-Myrtle Beach SC",58.5575854512219,79.4976812047314,54.9390059481803,93.784839527027,70.2005257721994,100,100,48.7269547438111,880,0.0438673731684484,0.126571656141549,0.324193677688301,-0.583580363551655,5.18572764277733,0.0436398030484052,0.110893527884579,0.111983528873939,0.594411701887408,0.0570586820586821,0.0559187008477173,0.0898087376582,13.5585361421312,0.114950710380818,0.56340737120307,0.282548345720389,0.049579900386352,773388,169.04675594412,5.19661541166918,0.802969556015604,1.98055555555556
"34","Fresno-Visalia CA",86.2145965539088,79.5351987911,77.7860671438653,71.6078969594595,38.3366588765712,65.3704154675248,61.2632677287639,76.3500389480776,342,0.219043733511169,0.145797668096009,0.454056134453949,2.54832696869933,9.84100022157868,0.0511631443284881,0.121083603562081,0.148370397195108,0.588615886466201,0.0734254579354356,0.0460943221985161,0.0704249813774662,14.5148122605401,0.165329836255874,0.312195411626325,0.0363190344408792,0.554863301408753,2012347,116.136709262037,5.77335817331703,0.821295811520718,2.21296296296296
"35","Ft. Myers-Naples FL",50.6527632084584,67.5170652910218,46.1982054642605,52.5232263513513,32.4559182264834,37.0354724098121,39.9958052930478,15.5260373747794,420,0.178406011054664,0.160037326043681,0.303453233169502,0.287149490307105,-0.73741312510945,0.034708780691504,0.0608925626483247,0.0648938095812719,0.487873780281669,0.0486287310255131,0.0617478496590408,0.108092042839214,14.0827295575737,0.100474498526976,0.677754374576341,0.076590729806063,0.216130500299887,1306326.5,161.455136733853,3.53051094041191,0.798199787874462,1.80185185185185
"36","Ft. Smith-Fayetteville-Springdale-Rogers AR",42.4706334451565,53.7668698869262,49.5513660651275,65.5648226351351,81.9332379351099,47.9624952468679,59.2122405212054,23.0082390642266,1188,0.0872071044493916,0.1641794665037,0.334013480279781,1.00983049811393,-0.43046034443867,0.0261340893238622,0.0762136251361521,0.0845348604431582,0.423060954598178,0.0642588005473517,0.0430008390912952,0.0958090208901149,13.6472818291312,0.100750094212874,0.74694333206533,0.0272906743748673,0.129978270399528,845160.5,151.928268622876,3.65670189271742,0.817403809669683,2.17676767676768
"37","Grand Rapids-Kalamazoo-Battle Creek MI",44.0275022589658,28.2382366734407,46.0127028934368,62.1991131756757,100,39.6268772674616,49.5713002913562,16.1365415671696,532,0.0509469156339512,0.151525449588062,0.238209817605544,-1.24328193238969,-1.03567702785352,0.0362165700392744,0.0763175915858147,0.0658096614670458,0.338632668994513,0.064572362269054,0.0429566412886992,0.0897977715000049,14.5244621876692,0.063791796678905,0.806518411701594,0.068535725886626,0.076442766726054,2031860,148.968883459764,3.26498872953845,0.815784493556142,2.17142857142857
"38","Green Bay-Appleton WI",41.048783274306,43.574592256787,37.6983566891824,59.2303631756757,38.2295238737026,22.9488858702069,39.4780639038396,8.47745869877681,1104,0.0344947510389213,0.120532549922136,0.242480525196604,-2.3269379356299,-4.45905547109031,0.0250671255419979,0.0587506574833213,0.0445263365947386,0.214445646845316,0.0608358919698585,0.0324407870712423,0.0885420809536688,13.9390211597534,0.0568525500635461,0.884565279258163,0.013396384500761,0.0469414792542746,1131462,117.044528062905,4.52379311015306,0.813894229187386,2.19791666666667
"39","Greensboro-High Point-Winston Salem NC",53.0124736453995,42.7471210463238,47.7205363443896,61.6015625,27.9135939813492,73.0922721287498,65.4848840160057,25.0961639677201,690,0.0741322783385176,0.127630439677005,0.316286463799706,-0.690625571113391,2.07216854982785,0.0385589665411769,0.089642515262809,0.0849184556704634,0.512446694959862,0.0608992919781041,0.0531015369110607,0.0906091049308388,14.3952303283441,0.104314497927235,0.662099322445112,0.20071009410049,0.0915320760465473,1785538,180.225215038393,4.12228695216792,0.810519991787351,2.2637037037037
"40","Greenville-Spartanburg SC-Asheville NC-Anderson SC",58.4578793764216,58.2523057683289,54.1818731726989,63.7426097972973,50.0075896108892,65.4735638995332,67.0877547323445,35.7576059910241,980,0.0511288804226241,0.140277762395756,0.286859224967605,-0.762294401800991,0.604375569886789,0.0347632706854352,0.0783063842473709,0.0776909944395537,0.389271192471905,0.0573811923404915,0.0552838523849344,0.0925905662675955,14.6296910418887,0.100764621842225,0.767286722115779,0.134844118591696,0.0600334466680695,2257325,204.850220238015,3.69353105999358,0.806581149158305,2.16111111111111
"41","Harlingen-Weslaco-Brownsville-McAllen TX",32.542608767903,60.3730915533323,52.1978021978022,54.0477195945946,53.9105617014412,51.7117556965024,80.730683309386,21.5564050393726,388,0.265085898340201,0.100027959405642,0.300766372555707,-2.01442069856599,13.4293086179852,0.0351381516958916,0.1514373764718,0.229035499846782,0.166428856026322,0.0819375493318601,0.0614858212162258,0.0558348581078903,14.1037502249313,0.202755163307665,0.0750462679440542,0.00399527163724433,0.909866147156424,1334077,44.2648844173829,6.05437317336256,0.808199798743127,1.95833333333333
"42","Harrisburg-Lancaster-Lebanon-York PA",43.9215645544904,54.1159918711896,41.4779715697147,58.4068834459459,37.5607334913437,20.4283412065207,37.0475207165327,8.71888712422202,423,0.047109883862233,0.125583912706487,0.259659921453789,-1.81851542513632,-2.33409699644764,0.0292651817303687,0.0678693046058519,0.0483590310142334,0.305905720075083,0.0604676600425686,0.0713120472780252,0.0790376994238124,14.4304175095761,0.084140743001631,0.827545459288791,0.0554727547054328,0.0756275600038822,1849484.5,171.335403413101,3.93947610807228,0.817483429772829,2.20864197530864
"43","Hartford & New Haven CT",65.0509435725933,57.3310405919441,41.7148906139732,52.3426942567568,28.5902025127739,28.8116399937533,48.0493486239299,29.7591416898148,189,0.115768315514543,0.121383569553786,0.29039970988768,-1.40553197459323,-0.538699743059098,0.0418201144794106,0.0815906988931266,0.0479408122006895,0.477566399091576,0.0605838245743135,0.0270027425184232,0.093231859566276,14.7879899224815,0.0675541587744797,0.701914885008204,0.0944345475673409,0.138777451859392,2644493,212.318603210101,4.60088190817673,0.822032515830683,2.18095238095238
"44","Houston TX",69.761017001963,73.8075139388255,65.1325738481702,57.8652871621622,48.9403632757303,58.2644650345772,69.7883349629689,54.1006416711283,209,0.222412584655742,0.154648277452303,0.350469509847953,0.957653239155019,1.90633738374747,0.033120086750673,0.0967868720248717,0.0847917160261665,0.690020096487933,0.0670308818398159,0.0466595583270549,0.0769832360539189,15.7451262417778,0.11107481011311,0.383326414363114,0.167198403685393,0.360844552882786,6886863,104.941715452498,4.49696763243294,0.836332833618335,2.18070175438597
"45","Huntsville-Decatur (Florence) AL",45.6072203815835,74.2483455786567,56.2445811069664,65.2882179054054,46.1398393079367,52.9670919302041,58.5392938778374,31.1396397694901,913,0.047298592494928,0.133737794405982,0.271057842474251,-1.30099435935487,0.795611963315952,0.0341051177137408,0.0789613003270342,0.0802666836879646,0.40835649567133,0.0616256610603237,0.0388666772783026,0.100938012367362,13.8428387188344,0.105143499350495,0.75392014245333,0.13714198140517,0.0649729251098321,1027705,134.175841620244,3.43872998574494,0.812915375137729,2.23838383838384
"46","Indianapolis IN",56.7794937839494,51.0062008233026,58.7347514870451,64.1638513513514,47.1892663856314,53.415139810095,60.2564445997257,39.3213667931052,800,0.0573409083965876,0.15755105221226,0.300396499708401,0.137119531023173,-0.492491097535331,0.0350655609573249,0.083967306074733,0.0657308997334018,0.371939169381672,0.0623526770681333,0.0450557341280236,0.101250565091892,14.8847774516179,0.073197979022004,0.782301888307978,0.11025719447365,0.0570838066031567,2913243,211.364898314315,4.05355818241046,0.820275476757505,2.21041666666667
"47","Jackson MS",57.0921138726463,90.5632848731176,54.2302651476963,83.5293496621622,28.967289099732,52.0446935808697,42.1698749071306,26.9962996329161,2136,0.0232752859438252,0.12053939117509,0.297333998357129,-1.30849365734424,5.15250077224239,0.0393851592502294,0.131104134980633,0.111071318863274,0.541205092293773,0.0655354699410338,0.0613442940038685,0.0891295954183361,13.7258626173844,0.103585659549381,0.467270547649283,0.489673536756237,0.0243411834579706,914253,107.532231606325,5.65379604988991,0.808970390208032,2.02175925925926
"48","Jacksonville FL",68.9851791074229,68.6571830545568,59.5433007359613,63.4554476351351,49.5606644488928,55.6568011138699,70.1068675561486,26.8031857628549,765,0.0766587374536027,0.174587043445848,0.323386111199775,1.20308327446042,1.0786361758468,0.0399564172796614,0.0920063441137295,0.0754158334270917,0.521710773302488,0.0587490309390789,0.0554800984033994,0.10891379158306,14.4298520570848,0.0773844849627172,0.654218505452439,0.208120744044028,0.0778078151348246,1848439,210.71273675734,5.70670711881755,0.820818864935154,2.11925925925926
"49","Kansas City MO",71.3594300136057,53.7408160075035,53.8552273414659,64.0635557432432,57.392578997841,48.5999093469424,63.3791564959854,53.9805799091878,990,0.062418109132646,0.160332150067988,0.306551735959602,0.355726264348591,-2.46651977275203,0.0296384336268878,0.0777708460046667,0.0549528040064606,0.415690200717849,0.0620359263945258,0.0411423002250876,0.0950626818233362,14.717616966275,0.0582635961407658,0.75186096013473,0.108293629131413,0.0814043146483706,2464789.5,131.694456885083,4.34114150518736,0.824012917043814,2.24333333333333
"50","Knoxville TN",51.1647954467559,64.0477307071023,53.9631011190644,74.0910050675676,44.0668375874697,60.027727983494,66.4358482439606,35.3693851871833,1386,0.0350349675213876,0.137558589246814,0.285415909883168,-0.891115111976624,0.544513688086822,0.0339473986136154,0.0695206984901239,0.0857239551433086,0.207010770539298,0.0571572994128154,0.0355633439851562,0.107375344699229,14.125969873271,0.105953844118056,0.888609044453234,0.0427747779317716,0.0374978510708723,1364051.5,300.841068940253,4.08745564225398,0.805735456818205,2.17121212121212
"51","Las Vegas NV",93.1950603948776,78.8338283570424,82.7613670732937,60.7010135135135,77.0116547389936,69.3047623646447,51.5252306255835,68.528456395825,156,0.216698335456648,0.201564319160704,0.449608570020477,4.55827133052783,2.50058863339234,0.0465380631307348,0.0896767296806524,0.07093619541696,0.684535370291937,0.0604405802217259,0.0618363136829897,0.111037104429031,14.5771097637802,0.100018046424368,0.453209683809369,0.105982471388947,0.301007821595804,2141698.5,214.449106898515,3.84461211510397,0.829629951770749,2.17777777777778
"52","Lexington KY",45.7983236916174,79.2631962899276,57.7306180058474,71.9837415540541,50.3045968754108,49.3446507074616,52.4478194278251,26.4578103441763,2535,0.0371584480529963,0.170132706779173,0.321885129904332,1.00808462817748,2.55174017714268,0.0368206618331815,0.0840525867981873,0.101957321500767,0.233327157661869,0.0579676502922833,0.0402624324151048,0.10953739391647,14.0568825570275,0.114508350193186,0.872889867159677,0.0578344996777284,0.0348332219817132,1272994.5,290.19653904405,4.21918555029107,0.810358874064054,2.09316239316239
"53","Little Rock-Pine Bluff AR",54.6856662131425,62.2104111302173,59.9778203447928,79.1300675675676,72.6860507939948,82.238215466479,79.7376641396477,41.1407105138201,2016,0.0341548489641945,0.146686259279574,0.308394136602796,-0.122102061513637,0.586166232615885,0.0313823028767111,0.0912234368527798,0.0847479917442101,0.439431111435321,0.0595898554624034,0.0498683883134061,0.109225935012377,14.1841616012831,0.0881207622444032,0.720881003580759,0.195812926282852,0.049277796183798,1445783,148.879945118551,5.05470046334754,0.807578357931026,2.13672839506173
"54","Los Angeles CA",89.1870839088936,69.119899953103,69.967738683335,52.3426942567568,38.9214165118806,40.3770002193314,48.2723807137291,60.2046506285354,10,0.312440056081684,0.124093063900023,0.463847799225439,1.91567005881624,3.34996812647684,0.0426291975313196,0.0855993824561296,0.0814023385646183,0.671536855882985,0.0634300510700948,0.0343210458603585,0.0707272359434166,16.5961057055699,0.134015706368376,0.311292778543876,0.0638151739854694,0.456590295373745,16128617,88.694993183076,3.0130295734594,0.826691660268908,2.18
"55","Louisville KY",61.8790440680079,71.5241519462248,54.6083274523642,61.4463682432432,35.5800203513197,53.4340021137327,61.9788770117544,40.1418934268902,1400,0.0459707359685521,0.139437450290595,0.289313513485332,-0.748268560102152,0.161909244888528,0.0358518852355031,0.0859397982749928,0.0694456546753267,0.344566736754632,0.0615794165846504,0.0470581491989797,0.107416049396304,14.3614811001051,0.0820659185081473,0.799903318285588,0.116287711806233,0.0423569020838414,1726283,241.340301003756,3.82150551213214,0.81521238990705,2.23849206349206
"56","Madison WI",49.4053986685085,55.4749622218748,38.8658130859966,53.3319256756757,41.4353315994845,29.6469624328192,53.9682947857325,13.159082758315,946,0.0587170771692253,0.164102983938702,0.306618071411173,0.498448401549138,-4.6833796574378,0.0257313292844025,0.0607726744329846,0.0427864757240731,0.272004490441063,0.056584465083278,0.0310168347643508,0.0868862549613553,13.8048509456305,0.0469225194739826,0.850006620193916,0.035792002603606,0.0557107005580166,989397,161.381063501866,4.2743206215503,0.822271968476917,2.25050505050505
"57","Memphis TN",70.8473977753082,69.3335417643687,58.210505091239,68.3234797297297,62.0411344289497,87.105951716898,79.4487060723349,43.0569567430132,1204,0.0419447320583798,0.149399658376484,0.367346373604273,1.07397988453713,4.75843500153734,0.0442661372479061,0.123087278829418,0.0993514919461123,0.572458355232947,0.0651679254612227,0.0453219070860705,0.0932863961730423,14.435898587072,0.0967932398013712,0.499069313868017,0.419590627158505,0.0464576792562254,1859649.5,155.375966286658,5.5857299991208,0.813786325577305,2.03571428571429
"58","Miami-Ft. Lauderdale FL",67.2891372308715,64.5219113125945,62.7432200826696,48.6539273648649,38.841377441793,55.3837766831769,74.2765707277756,38.5574709743541,34,0.324344633755344,0.158814688835909,0.363585169352187,1.35743933963109,1.58218018980612,0.0453798092732654,0.0915130941518101,0.0665397845307218,0.692528499545409,0.0571817966951661,0.0375906042449917,0.111367046201907,14.4814098640311,0.0805481338375534,0.398738336484709,0.26281881987833,0.279799510851694,1946240,179.988685823834,5.39758714238737,0.819168778427124,1.85555555555556
"59","Milwaukee WI",65.8963679985044,48.4258246052837,44.9571529388043,47.608741554054,42.0738360532089,38.9108365579458,56.1723049637752,43.8242429741596,310,0.0645282312625173,0.140549029056247,0.326359719225482,-0.0189095108744505,-1.23335170093698,0.0336828314944166,0.0837069068116,0.0602354966629731,0.455629817824481,0.0625011562695625,0.0336435698229286,0.0847365964156719,14.6589230228258,0.0637077638929821,0.719119643245127,0.127107045822694,0.10128017863558,2324285,198.86541401468,4.09911004889676,0.818705776512744,2.16888888888889
"60","Minneapolis-St. Paul MN",49.2994609640331,58.9161586160179,45.0710757132776,49.730785472973,53.138020038139,32.4575182208731,56.6634567850203,26.4310393138896,798,0.0852673913809572,0.141706283258027,0.24651727297034,-1.45751824594868,-4.07788145685113,0.0282435321938397,0.0658728847326063,0.0421124793661092,0.35154314229588,0.0614454921576338,0.0316540134990176,0.0808196784382537,15.3501334329483,0.0479570814183323,0.799427339850381,0.064103601719597,0.0523123290050997,4639575.5,107.078945949808,3.31064770904148,0.82656298917767,2.27914230019493
"61","Mobile AL-Pensacola (Ft. Walton Beach) FL",52.7715172979654,75.1164608410192,54.0921463857244,68.2654138513514,49.1177821615857,58.1136368413153,67.1501191281302,28.0416104459789,682,0.0414676725173302,0.153658336700927,0.302118333931493,0.0230160204482662,0.694076057069834,0.0377402412798173,0.0866001687242488,0.0771706299289701,0.483994652522062,0.0590493354772892,0.0553805405622329,0.105415443264766,14.1629594726801,0.0807533565249828,0.68341490915976,0.215523027273267,0.0454497927163902,1415452,156.414880721808,5.11532711812198,0.809570083076031,2.12525252525253
"62","Monterey-Salinas CA",64.1733223933612,60.9233494867386,62.0818630910374,34.3866131756757,45.7400359058976,45.8328019596402,52.4914593426835,66.3439019817405,360,0.249098410697497,0.137584835103108,0.45536490137569,2.26445484898561,2.0910319079705,0.0364802481068273,0.0785362350098312,0.0690212600222379,0.589962708349786,0.0608775513164193,0.0372908499110885,0.0730963114943241,13.5389438140599,0.14509423338867,0.40951669539006,0.0180258523727457,0.489409045297693,758383,135.353712626147,4.62167532763788,0.824692624315347,2.31481481481481
"63","Nashville TN",57.9043029402906,67.7994893439633,48.4716201229963,68.3994932432432,54.866524230304,47.1094450596349,61.5535816095341,26.428098954209,1410,0.062190781987779,0.15845349842691,0.308920609454641,0.329205621663525,-0.277643448968113,0.0322853614584704,0.0815180338345972,0.0728228021782646,0.396034260872708,0.0600194722439659,0.0333998268131159,0.0970668719554403,14.8388323293939,0.086071595178589,0.763766243941429,0.126934914976952,0.064171610201472,2782422,197.524302997812,4.26678627469162,0.82089579035873,2.24775413711584
"64","New Orleans LA",63.1222541881744,67.4441144286384,57.9181369089626,66.1602618243243,56.0707824354595,57.0549638064118,74.1704315342434,42.9738104503045,588,0.0601922250146434,0.129687540575867,0.320426576796231,-0.536589580166285,3.10968840402123,0.0387410444552807,0.104473485379333,0.0903654100428353,0.570175992643235,0.0584534859899646,0.0557683309359999,0.0979683933832122,14.3652866660673,0.106787314649439,0.575811733747291,0.304196518482398,0.0719721386259172,1732865,257.901930779566,5.07367856122664,0.814432342108847,2.07142857142857
"65","New York NY",50.3089849713864,49.7191391798239,46.959370904325,51.5529983108108,21.365075135498,17.6409171631037,36.5299100303926,15.7280721218018,29,0.279848763171814,0.0959974143329298,0.428762030357552,0.210192840778773,0.808164420685115,0.0387426373832393,0.0829006144421871,0.0673712593040202,0.67402123694817,0.0585260255562726,0.0335345496903505,0.0657691829336359,16.8703844247795,0.0955280835236821,0.487460593955966,0.153201410146208,0.233765058609915,21218509,136.714119168558,5.56924145801197,0.823409787494336,1.85555555555556
"66","Norfolk-Portsmouth-Newport News VA",58.8670897250813,52.6371736751602,50.6694223207985,62.8737331081081,41.6644971449958,41.5525645350025,72.5521643264982,25.0356745314224,1025,0.0616530037254963,0.166135753603365,0.349316574132619,1.36729043448539,-0.0991893415382966,0.0347310457240435,0.0999209389591846,0.0615968109038988,0.586810169218812,0.0571237537570583,0.0263384609255561,0.0892660591944323,14.4641307117575,0.0679329990937841,0.560725746438848,0.306360841225584,0.0616877677055172,1912899.5,138.636507821765,5.36593793871555,0.822132942542678,2.20355555555556
"67","Oklahoma City OK",65.4134166986903,74.9841071335522,59.852807742716,67.2529560810811,67.8850540002506,70.4091381428688,68.6340045615198,49.6965849801486,1575,0.0685862138852693,0.176316670088359,0.325151590587254,1.30075380111258,-1.39712403366329,0.0256437621856698,0.0831197348170616,0.0721631670226837,0.514848192910923,0.0607324453407729,0.0561383312948174,0.10094078562921,14.4584588450615,0.0786838411938927,0.680638385178756,0.0794238203903568,0.113893181702877,1902080.5,188.053363215525,4.49402640950265,0.816769475491212,2.22444444444444
"68","Omaha NE",64.9138477197428,58.6795893908603,47.032967032967,53.6106418918919,56.4588477236162,36.2546367534924,59.2474576811521,55.6029435442709,1950,0.0695011385539369,0.150080218814797,0.288740819094955,-0.359556429170274,-3.27829120759139,0.0251172301162454,0.0748864351702196,0.0511050240740426,0.365280876428257,0.0635399401180378,0.031661626344086,0.085012469876452,13.9374825853088,0.0609087629926818,0.787450015379883,0.0624520623427435,0.101300983206053,1129722.5,93.7674470231013,3.78942616438993,0.823245531898184,2.32311111111111
"69","Orlando-Daytona Beach-Melbourne FL",62.3225283798801,72.1932155697983,57.9554390563565,58.2527449324324,50.7926536469183,55.2621789466527,63.365391420269,28.5602103505492,180,0.13624012060716,0.158189069752037,0.325451691642914,0.626132783966506,-0.118518686097111,0.0382231461554974,0.0773460055155772,0.0695611103330891,0.582931770391397,0.0556728595541181,0.0410787112561175,0.105333166321437,15.2057177539516,0.0766268344953609,0.593594936053203,0.132417482260797,0.214873588097862,4015682,181.51297122105,3.92760183699805,0.810807736368976,1.92469135802469
"70","Peoria-Bloomington IL",40.7299315559341,70.8873951331353,37.2900494001411,63.7668918918919,60.0514332481348,39.7863715221764,47.7981316962871,13.6426603367783,1170,0.0400227632389283,0.141458718242553,0.258179564536121,-1.25033257985903,-2.59691575293667,0.0318755505663525,0.0733330960797805,0.0541056727324492,0.295481490588993,0.0600762412591501,0.0359610813201393,0.0884149145988759,13.3713851796254,0.0528668428478995,0.834326496566025,0.0795154236534999,0.0369894836954403,641385,158.226824096985,4.20340357195756,0.816649568950722,2.22888888888889
"71","Philadelphia PA",57.2624450837635,55.1237559272576,48.1348926303055,59.7772381756757,40.0279918183681,35.9902789110956,56.0029514691896,24.8379345862118,72,0.108480750700175,0.118586082520401,0.282961292548082,-1.64857201632123,0.321876392857206,0.0418196971444154,0.0864829133348245,0.058424845530294,0.553791820808724,0.0602506004502696,0.034115470030666,0.0753717892057032,15.9051830841797,0.07417237339816,0.631166771505226,0.180222185158918,0.112060129656676,8082268,265.8879795465,5.0444998854282,0.820911622007137,2.06481481481481
"72","Phoenix AZ",63.0588992864784,68.2444896045021,61.5878616796048,54.1152871621622,52.8512133206914,54.0385221474138,68.4317970611322,41.5072578171742,160,0.130557041856416,0.178720114357517,0.357826885282964,1.99745412922369,0.260655614218619,0.0354259576066445,0.0813269688697196,0.0755939183014998,0.578835667002973,0.0624561712802506,0.0591674017191581,0.0987701663577719,15.4913433299731,0.0864434763681906,0.580514867094759,0.044119554360526,0.282662326980076,5343243,186.446534887791,4.4610548313075,0.819829341896641,2.11555555555556
"73","Pittsburgh PA",44.3515470020668,53.2332864363504,39.2448835568102,62.9613597972973,28.1385595521354,27.3545346439509,39.8327296043163,11.2381256383605,336,0.0341332219779535,0.122527044587842,0.250733780242425,-2.09890313377228,-3.32874224260466,0.0317805562314563,0.0607812019054444,0.050221506021991,0.236187345039973,0.0538527580113714,0.03018923928087,0.0830181983167062,14.8534499111489,0.0539319180857925,0.8706253433369,0.072031771701637,0.0157866793606133,2823393,297.681540074104,4.01343348233845,0.802918345900403,2.04583333333333
"74","Portland-Auburn ME",34.0517017542038,43.1660674274399,35.2495211210808,61.5223817567568,51.0652317798351,36.6553838184739,65.6686567380456,49.9912345115158,621,0.113678104559065,0.167291017905984,0.349838689264064,1.42033022615845,-1.31170462517149,0.0386163578256359,0.0674261175321866,0.0580672948449536,0.418340648947202,0.0590108548445892,0.0461574747923022,0.101744217330313,15.0090564403856,0.0670572177554731,0.749681205726702,0.0215832779463177,0.129147262264656,3298757.5,136.161205827447,3.04584377602779,0.822748111898872,2.24609053497942
"75","Portland OR",67.6505717520227,53.5876191964984,51.4447020869039,47.1589949324324,49.7482979310019,32.7207940096113,48.670553062313,9.98305759176749,836,0.0378389992600275,0.13505602003247,0.241033732503466,-1.80883745158845,-3.91134337002496,0.0286932608287491,0.0611430693265622,0.0456040463226555,0.126723295848119,0.0557283608254358,0.0345562872373785,0.11689406345289,13.811485468148,0.0538026251452083,0.934160522820169,0.0139836724120793,0.0164566061870534,995983,189.963866119089,3.96241702920632,0.809695537132143,2.10606060606061
"76","Providence RI-New Bedford MA",49.9631295244228,27.8745245167005,47.1882246194173,59.5344172297297,52.7028377897464,39.0207085384548,47.816020454306,25.7680927700027,288,0.130251645806084,0.121711607296627,0.334486134578297,-0.574893071044419,0.918629705908283,0.0402807063273738,0.0869179508571456,0.0586058443310533,0.392638979053287,0.0572875502120192,0.0353101243953006,0.0919187546643455,14.2925472099241,0.0963322922436491,0.768134587605913,0.0483441088442974,0.119077076322269,1611292.5,262.60959396199,4.86969311903332,0.816843910101818,2.04444444444444
"77","Raleigh-Durham (Fayetteville) NC",45.7069264563838,47.8453441717472,46.2919649158181,59.7666807432432,23.0326676285501,62.2615063639896,53.7345696271424,20.291513370351,638,0.094759556631703,0.163686294576886,0.339719425494146,1.09723897826903,0.807572864484147,0.0371284340249723,0.09447479352234,0.0732244933254622,0.601281184518409,0.0600674856729924,0.0425295923618875,0.0832578670654755,14.9448284021043,0.0796160909868628,0.563128617309815,0.263644417061265,0.104148460075987,3093545.5,123.248230622185,4.75926408711299,0.824932850916377,2.17121212121212
"78","Reno NV",65.5754390702408,80.1907143973738,63.3924790805525,52.9381334459459,52.8503424253494,42.2546795236267,47.6437886895477,38.0598714123472,1596,0.123394394220136,0.190699978926699,0.372275712069645,2.71516610945546,-0.189519632839047,0.0418379019168246,0.0689289963939578,0.0555639323117728,0.500261386810139,0.0576675450732526,0.0493430228290391,0.116990648106187,13.4722149953103,0.0869044590117256,0.6711169624564,0.0213136348483321,0.216808318244897,709428.5,236.332584654643,6.3931742240409,0.818466069815534,2.2547619047619
"79","Richmond-Petersburg VA",54.1445530363616,43.7111145849617,40.579695533824,65.6630067567568,31.4693633681051,30.3718125327892,52.9548284824504,22.9293109237564,1711,0.0698366598297786,0.143529870250721,0.292110268520731,-0.542797814435329,-0.870181696825312,0.033442912451334,0.083494890323086,0.0523994826446296,0.554713832551307,0.0584978973333338,0.0305089806754818,0.0886551854058386,14.1726649369557,0.0835063545276862,0.600259645487007,0.284688577592615,0.0538699666574894,1429256.5,152.771141600934,6.54606083652584,0.824213417795887,2.33486590038314
"80","Roanoke-Lynchburg VA",23.7445862717198,26.9449220989005,31.2591995160803,57.1104307432432,41.1026607574197,24.5190636126698,35.2833475536136,12.1638084975874,1675,0.0315400522498878,0.12067912859278,0.240140172678922,-2.36487946171117,-1.77255405417307,0.0277262662441255,0.0625535294623197,0.0615799970957025,0.285347788570307,0.0561380423804646,0.0252965448884388,0.0929606590490904,13.6336121116465,0.0995266803088933,0.838664677108648,0.102200348812383,0.0250370043397634,833686,163.545179217622,5.4918758381453,0.802281561731413,2.35511111111111
"81","Rochester NY",44.8552704007977,64.0539836381637,38.7569311422522,56.4315878378378,46.8511705259044,36.7418894487439,55.0689951751866,16.2411868025696,385,0.0698527406796814,0.141994991455359,0.280268081169503,-0.820204307353596,-0.96380129066424,0.0332254052611436,0.0880466395028589,0.0606402691000041,0.392479311695699,0.0596985896637113,0.0386164905981916,0.0857065363486271,13.8509061762996,0.0667109382503104,0.767807769952497,0.110803794679592,0.0701234858659913,1036029.5,140.689876836519,3.86378959286391,0.813181311218612,2.09777777777778
"82","Sacramento-Stockton-Modesto CA",98.8980401524672,66.3300505445261,76.2899485835266,57.8505067567568,39.588146331293,58.4314541492352,57.9097215100978,67.6318492477014,304,0.187356273827744,0.158586057128653,0.392034065997977,1.87692759992147,2.39664542367837,0.0470954637131997,0.0855612776432156,0.0764098081037469,0.666026707852451,0.0653218060651435,0.0310827893482541,0.0878491923563654,15.2955501249553,0.0948235075326314,0.490765957994086,0.0644133399967836,0.274976130287373,4393119.5,157.102453246846,4.77678788387159,0.826017136999273,2.25555555555556
"83","Salt Lake City UT",57.6166093702938,47.7755197748945,53.8532110091743,52.4598817567568,61.3604967630761,33.5919386440197,65.1934956454083,36.1811392603363,1440,0.0823220845405731,0.167212229080194,0.267538743635039,-0.110273824929376,-3.88235012760736,0.0254959237507095,0.0625524052513056,0.0605255697698561,0.354780468187063,0.0737769709203761,0.041471818219274,0.0690534052985148,14.9659507730787,0.0494340472407202,0.791021506473875,0.0104553337488944,0.137027079676799,3159583.5,202.378606896341,3.27464047080889,0.835311355126806,2.41138888888889
"84","San Antonio TX",68.3775952141084,66.164347871398,67.3938905131566,71.6036739864865,70.5895898014022,61.5594524079329,93.8808366422577,48.0956351468881,925,0.121827820458096,0.162292258133996,0.331465897046003,0.891729748661689,1.76380091947736,0.0308492809816583,0.101447421120555,0.0854901873525878,0.566430389517597,0.0666968905655334,0.049192357143085,0.0891729445960098,14.8009151406738,0.108700768656336,0.343801951214596,0.0578990483204739,0.558205424586364,2678895.5,109.267198133584,5.25739059250351,0.821982884712579,2.15555555555556
"85","San Diego CA",84.978656668363,60.2667917252879,66.8454481298518,41.9932432432432,38.1356473691391,30.736880523111,41.660306327386,52.4016045280752,26,0.233618793405235,0.153799012065455,0.44748951258121,2.72666745266519,-0.106639546497084,0.0388172973478647,0.0724019814430964,0.0622933261871253,0.658542564770746,0.0571739729838184,0.0252551123184861,0.0831501830374617,14.9940449316467,0.0891490604405208,0.464918691731433,0.0471878454262791,0.331927574033545,3249608,132.971033884019,4.14480761987292,0.830938549270948,2.17777777777778
"86","San Francisco-Oakland-San Jose CA",76.9003873996448,64.6115366578083,57.2759350741002,38.8576858108108,42.3424285578097,43.1371315412645,64.2949323869192,78.8395602220473,50,0.308987960276493,0.139587189789322,0.415478522153229,1.59921896035365,-2.08904877562489,0.0359581125131803,0.0590365728629038,0.0419962327605105,0.710772567888105,0.0536048186460652,0.0254688723746435,0.0756996754029896,15.797222119483,0.0839101879354665,0.409901518231877,0.054477784746008,0.234567238444415,7255150,118.610150618526,2.5689337918582,0.832360464876948,2.09333333333333
"87","Santa Barbara-Santa Maria-San Luis Obispo CA",52.2657166893429,52.7580636756813,55.5590281278355,45.9997888513513,53.5884134518347,39.5254922401724,48.3243610619348,31.1669636677252,238,0.181772179464003,0.19504611117354,0.441288781650175,4.1592608577182,-1.13016544864195,0.0340524019478856,0.0648630130084741,0.0523301391533912,0.568030439276998,0.0543974348325892,0.0250170234183024,0.0790607880184235,13.4819471864896,0.0996214926298201,0.548987843513062,0.0178847000801964,0.358059038215774,716366.5,140.601806308487,4.84249333267259,0.81886359829316,2.23333333333333
"88","Savannah GA",57.2769855530052,67.8849460684696,51.6917027926202,63.6919341216216,33.3113571634401,54.708394315249,63.0524803290398,27.7698061312902,1960,0.0586564507555947,0.177984697437252,0.355191271382418,1.92093736409291,1.76366522140382,0.0373440690585931,0.101154148637629,0.0846791629302664,0.562441042864072,0.0563140913317789,0.0555086671427644,0.0925588812064802,13.7523545473851,0.0846056176148837,0.587330913924949,0.293429783009532,0.0792008282940827,938797,117.426361972349,6.660119280313,0.814974955684825,2.14611111111111
"89","Seattle-Tacoma WA",82.3811056988253,67.9318430514303,63.9106764794838,51.0779138513514,49.8424104694603,62.9550152710603,77.4491594882165,63.3531358547458,204,0.151859882071479,0.17466133967985,0.345522940209663,1.61677382363175,-3.087541860846,0.034359708509528,0.0609233731582877,0.0449516916431647,0.507069771339996,0.0552392112720882,0.0403626966533328,0.096127676851828,15.4501974160117,0.0560687983974576,0.685998542859661,0.0444851957505794,0.0994665992700257,5127852,153.675148788572,3.28158847018206,0.829611242893506,2.2516339869281
"90","Shreveport LA",47.8381438052408,81.4131624198843,52.1100917431193,87.9518581081081,53.4872826775865,67.3032083390278,69.9545471265676,28.509240335971,2025,0.0373355845698092,0.121289152323514,0.320806137616215,-0.844672062494055,3.16354451929916,0.0336835823903646,0.110315872817436,0.107015981164312,0.555874197788808,0.0625439334429642,0.0655419583666041,0.0980750051003547,13.8276214244657,0.102424508575265,0.58977340593538,0.302007193352595,0.070068747347939,1012184.5,124.869737834796,5.75685559302677,0.802974778651844,2.10355555555556
"91","South Bend-Elkhart IN",47.6449632853152,52.7205460893127,48.9575562052626,65.5067567567568,52.1349227078898,42.3702569838157,47.6792564531001,21.9478618946666,870,0.0558447644035943,0.132815673330388,0.251868373354848,-1.69178859536608,0.579641945629262,0.0354685879816776,0.0816088422196394,0.073717820261045,0.35691593917925,0.0659893923531113,0.0873349932811636,0.093252905847801,13.7072252136065,0.0969213976597206,0.793160357778245,0.0800103413134917,0.0858641042199357,897371.5,149.884418251279,2.49617911868162,0.812410360133399,2.13444444444444
"92","Spokane WA",71.5557263483689,68.3799697774999,53.8985784857344,72.1230996621622,56.2184767478039,63.9908884602896,79.9795087004715,50.5207363757302,1896,0.0609368946479965,0.175738875359752,0.319804436711313,1.17981992550423,-1.72208865980519,0.0344951191332743,0.0678601468198572,0.065448011942875,0.301682323858724,0.06010107648882,0.0452935510538411,0.105517178160283,13.9607807801342,0.0631135674950188,0.830306429184193,0.0104189727695373,0.0901736668419305,1156352,156.594428681559,3.78820635930928,0.808575907732997,2.33101851851852
"93","Springfield MO",68.761879044068,66.1111979573759,56.3161609033169,83.1313344594595,66.3283781514508,52.5305278518111,73.5341805366057,36.8728811678601,2336,0.025801156737184,0.172738744355447,0.296593983135025,0.636416399419799,-1.03918175634187,0.0307227493994407,0.0637580755034528,0.0812904331720088,0.177983173420521,0.058664169326035,0.0574944833852544,0.104989133574262,13.9426787482902,0.0862212136582342,0.905653183140661,0.0172691633028298,0.0369638995146212,1135608,198.772331434106,4.14623708180992,0.801766713102803,2.20659722222222
"94","St. Louis MO",66.2816904334098,64.958574331718,51.7491682629297,68.7827280405405,46.6482837040759,44.0327218950224,59.8894006584872,37.5088269318962,616,0.0426991145138696,0.135149428281697,0.265634811487586,-1.34868848167969,-0.925161067553629,0.0359530862559863,0.0823851678986876,0.0594221712219825,0.392107437991574,0.0608614491095195,0.0401662965937544,0.0931642324654808,14.9560666117327,0.0662849617589218,0.760779860684368,0.166905784946976,0.0276542408800362,3128507.5,234.297593270415,4.69648866112675,0.816748829162748,2.20992063492063
"95","Syracuse NY",41.5608155126035,68.1121358970351,39.9102732130255,66.6311233108108,51.6263585741102,31.7128021456241,49.7731006851323,12.1707983098574,560,0.0609816078004574,0.151833119407493,0.281713489040978,-0.424224321065969,-1.6179487241617,0.032042782998942,0.0795535850019735,0.0588562637987953,0.297388779028783,0.0589394158767136,0.0320171667170203,0.085506890364227,13.7343531041921,0.0663934706254606,0.834058078289808,0.0669004938460395,0.0384318178490611,922048.5,146.905343252672,5.08216216392088,0.813219104655295,2.01428571428571
"96","Tallahassee FL-Thomasville GA",52.9335396695159,100,55.8019961689686,69.3623310810811,59.6817042458962,68.4407152966754,67.5605261169955,27.3144727766815,1926,0.0500557596165038,0.18918344643152,0.371022728810669,2.63500432036262,3.20965085132204,0.0434749068191846,0.0990701765180662,0.0955557405470359,0.558606002950364,0.0544062277536724,0.0478419574387511,0.0949442809851587,13.5128989255137,0.0931625446956635,0.580265426601668,0.316577252783244,0.0646270195943623,738886,99.5455950830785,8.56018384432781,0.808383523006647,2.07777777777778
"97","Tampa-St. Petersburg (Sarasota) FL",60.0625240177394,67.8401333958627,53.8874886581309,56.2911739864865,39.8660192218619,45.5165997132432,57.2945983554804,22.4873769465683,130,0.124246307526485,0.157807147855371,0.322836804161518,0.5632647312768,-0.284255541323672,0.0376494858722426,0.0736325343539984,0.0647130089982174,0.51090415299527,0.0539497787981391,0.0558064930676199,0.112376918443602,15.3545738590341,0.0844103383035533,0.668242485391793,0.107047774323246,0.174296058364589,4660223,214.093186542909,3.96590463589403,0.80324818286473,1.79222222222222
"98","Toledo OH",46.2791977815398,58.616017925069,40.0100816614578,71.6459037162162,53.2979538556837,57.9507243567101,40.0271230281917,19.5529384222985,884,0.0272350211714971,0.150053413177257,0.283735448157758,-0.45347170054419,-0.174662551214217,0.0389881998596622,0.0834554783008286,0.0689486176207934,0.325106418236617,0.0620509292251465,0.0305056481548292,0.0982779664602634,13.9077610617301,0.0642303145199494,0.814455890016728,0.0845820344789696,0.0653391565778909,1096639.5,191.704136894374,3.84629588848478,0.809373275807716,2.21538461538462
"99","Tri-Cities TN-VA",53.7031459343809,67.0314209785837,50.9123903619316,100,59.0738433727941,65.0829096509188,86.0776406896315,43.5443929889017,180,0.0289498311429385,0.19890548073402,0.518319973959393,5.73392310617357,8.23456105940306,0.0533629002726126,0.1341409583599,0.10900485555937,0.560590566205315,0.0540139154494039,0.0490867579908676,0.10504740204256,10.8027135057837,0.134516010904504,0.410526101639744,0.51925580827603,0.0344122553607031,49154,194.2217052574,5.60483378768768,0.793099842773385,1.63333333333333
"100","Tucson (Sierra Vista) AZ",63.201188164058,60.0854567245063,66.3222099001916,54.9820523648649,58.9009045712299,54.3119800447203,81.5618381974422,48.0720811705898,222,0.134826669141265,0.19402300111146,0.343665203700931,2.30878704688064,1.07949941290818,0.0401842451033532,0.0828866673179415,0.0800970399557133,0.585553679157038,0.057629742423827,0.0523897817780547,0.105785287809158,13.985571847221,0.0842178968303346,0.517809727280972,0.0317780622628656,0.3797288205656,1185377.5,214.650328006807,8.21257363160681,0.807550251169467,2.1
"101","Tulsa OK",76.0996229864047,81.0286071596061,56.9311422522432,62.8293918918919,69.5973457673576,71.9560222231725,62.4635025008144,52.0890120182674,1260,0.050524904095286,0.156607093209613,0.308211146738059,0.246755011555248,-0.163089303474012,0.0308347833990112,0.0861476139452855,0.0808567849006882,0.551847981406593,0.0633040887021545,0.0622689012217794,0.108062007348908,14.1500885015448,0.0801108955841788,0.653824147914213,0.0653325704610261,0.0801652842289748,1397350.5,207.781282869974,3.61541359880717,0.811850576547328,2.22539682539683
"102","Waco-Temple-Bryan TX",53.0207824849662,71.621072377677,60.5716302046577,72.4968327702703,69.0094390772826,54.9332159478358,61.5383196969386,19.7656522713336,1302,0.0889305024268724,0.218492743639314,0.384603368270917,3.98684334163399,0.770857402216065,0.0309019330081332,0.101371682653318,0.0836460751139573,0.616082874003361,0.060486247722912,0.0363492039719031,0.0843154424766955,13.8456978034707,0.0823467771473758,0.551529014527275,0.153958070048198,0.235155569678285,1030647.5,87.7857412424929,7.50644619038032,0.819385198065053,2.19603174603175
"103","Washington DC (Hagerstown MD)",46.2708889419731,47.5921004637591,42.0496017743724,48.3445945945946,33.3058405491466,22.4013904335515,49.596112656548,26.4220627678601,272,0.197600048610875,0.142982301249654,0.314939511647208,-0.139588597226357,-2.50695900312815,0.032604781854186,0.0745765945902727,0.0386754148983675,0.657152245189035,0.0592413454744208,0.0325375308779773,0.0733245115825337,15.7099346120923,0.0671092532425048,0.514793453414628,0.228089535456309,0.135022120053821,6648718,129.895427808723,6.05530269143615,0.84189599516564,2.22287581699346
"104","West Palm Beach-Ft. Pierce FL",60.5433981076618,67.4826741701839,55.0841818731727,61.3671875,41.3151366738917,46.6946393232697,61.5909014730954,26.2373511306038,195,0.207837215556435,0.146451288217308,0.302909621144653,-0.232722061870653,-0.0824240390674925,0.0406517769623366,0.0684447651888425,0.0606492787062707,0.575338318026804,0.0542333055962085,0.0480235005166435,0.106577547349611,14.5346197889398,0.0898885026044965,0.599733070772541,0.161771827395835,0.195747937741522,2052604,228.551002126567,3.78982015040407,0.800890940767197,1.78444444444444
"105","Wichita-Hutchinson KS",65.5629758108908,61.0379865561982,61.9387034983365,93.4100506756757,70.9690185455443,55.1020047855924,74.4920629092736,40.7952810729582,4290,0.075296668126579,0.154490763396007,0.28774249633399,-0.212592931865359,-2.01696398993697,0.0276217614497799,0.0738074529576579,0.0615356306492801,0.412326631123773,0.0654437104368259,0.047152609291882,0.0929266628186859,14.0033945324557,0.0774550455438767,0.750775984125215,0.0470923229469621,0.145568862349884,1206693.5,142.009039213631,4.58567150647617,0.813615406135465,2.30957264957265
"106","Wilkes Barre-Scranton PA",46.0860172616142,52.1796675524986,50.8569412239137,77.5263935810811,42.2797820232799,28.3706749047979,39.0654911210431,9.39098313434307,901,0.0421832823643958,0.114021449171348,0.2490735219228,-2.44887131513047,-1.24780769064419,0.0339792183942014,0.0708608603560442,0.062280834468035,0.233432341251413,0.0576626234534512,0.0469302180799443,0.0865872756201367,14.2315568210166,0.0777763338777643,0.872378551884092,0.0389387950573763,0.0621897997039492,1515956,213.240013700486,5.89759861104148,0.802673018332829,2.14575163398693
"107","Yakima-Pasco-Richland-Kennewick WA",62.0711859829877,72.4172789328331,57.3676781933663,59.8384712837838,53.5067469217358,57.3823650966096,64.746789710943,48.08157645352,762,0.145681631012789,0.165385126970067,0.338079558286237,1.13054414742894,2.13083353912928,0.0336867590582735,0.0941868748635972,0.0867727416850939,0.537691925053166,0.068120650571245,0.0565427335577948,0.0865329375040682,13.4683643567301,0.116751473747067,0.588272001494265,0.0117036601000139,0.339896448573798,706702,121.03000800526,4.89315156883665,0.816979560853679,2.28703703703704
